Joe,PROPN,B-PPL
Rizk,PROPN,L-PPL
is,VERB,O
founder,NOUN,O
and,CONJ,O
partner,NOUN,O
at,ADP,O
HARK,PROPN,U-COM
",",PUNCT,O
a,DET,O
design,NOUN,O
-,PUNCT,O
led,VERB,O
venture,NOUN,O
firm,NOUN,O
##END,###,O
A,DET,O
technique,NOUN,O
made,VERB,O
popular,ADJ,O
at,ADP,O
the,DET,O
time,NOUN,O
involved,VERB,O
inserting,VERB,O
 ,SPACE,O
wax,NOUN,O
 ,SPACE,O
into,ADP,O
a,DET,O
sculpture,NOUN,O
’s,NOUN,O
cracks,NOUN,O
as,ADP,O
it,PRON,O
aged,VERB,O
to,PART,O
preserve,VERB,O
its,ADJ,O
life,NOUN,O
.,PUNCT,O
##END,###,O
So,ADV,O
as,ADP,O
this,DET,O
trend,NOUN,O
continued,VERB,O
",",PUNCT,O
works,VERB,O
that,ADJ,O
had,VERB,O
never,ADV,O
been,VERB,O
tampered,VERB,O
with,ADP,O
appreciated,VERB,O
in,ADP,O
value,NOUN,O
due,ADP,O
to,ADP,O
their,ADJ,O
rarity,NOUN,O
##END,###,O
This,DET,O
is,VERB,O
",",PUNCT,O
as,ADP,O
the,DET,O
story,NOUN,O
goes,VERB,O
",",PUNCT,O
where,ADV,O
the,DET,O
contemporary,ADJ,O
word,NOUN,O
“,PUNCT,O
sincere,ADJ,O
”,NOUN,O
is,VERB,O
derived,VERB,O
:,PUNCT,O
sin,NOUN,O
(,PUNCT,O
Latin,PROPN,O
for,ADP,O
‘,SYM,O
without’,PUNCT,O
),PUNCT,O
+,CONJ,O
cera,NOUN,O
(,PUNCT,O
Latin,PROPN,O
for,ADP,O
‘,SYM,O
wax’,X,O
),PUNCT,O
##END,###,O
We,PRON,O
do,VERB,O
n’t,ADV,O
find,VERB,O
##END,###,O
In,ADP,O
others,NOUN,O
",",PUNCT,O
you,PRON,O
find,VERB,O
scrolls,NOUN,O
worth,ADJ,O
of,ADP,O
sites,NOUN,O
that,ADJ,O
can,VERB,O
read,VERB,O
uncomfortably,ADV,O
contrived,ADJ,O
—,PUNCT,O
describing,VERB,O
a,DET,O
“,PUNCT,O
local,ADJ,O
”,PUNCT,O
process,NOUN,O
or,CONJ,O
a,DET,O
“,ADJ,O
values,NOUN,O
-,PUNCT,O
based,VERB,O
approach,NOUN,O
”,PUNCT,O
that,ADJ,O
does,VERB,O
n’t,ADV,O
quite,ADV,O
feel,VERB,O
natural,ADJ,O
##END,###,O
These,DET,O
instances,NOUN,O
are,VERB,O
getting,VERB,O
covered,VERB,O
and,CONJ,O
questioned,VERB,O
more,ADV,O
and,CONJ,O
more,ADV,O
(,PUNCT,O
here,ADV,O
",",PUNCT,O
here,ADV,O
and,CONJ,O
here,ADV,O
),PUNCT,O
and,CONJ,O
a,DET,O
new,ADJ,O
reality,NOUN,O
is,VERB,O
being,VERB,O
formed,VERB,O
around,ADP,O
it,PRON,O
##END,###,O
If,ADP,O
not,ADV,O
brave,ADJ,O
",",PUNCT,O
we,PRON,O
might,VERB,O
be,VERB,O
fostering,VERB,O
the,DET,O
underheard,NOUN,O
at,ADP,O
even,ADV,O
more,ADV,O
aggressive,ADJ,O
rate,NOUN,O
##END,###,O
Time,PROPN,O
One,NUM,O
of,ADP,O
the,DET,O
more,ADV,O
visible,ADJ,O
offenders,NOUN,O
of,ADP,O
this,DET,O
today,NOUN,U-DAT
might,VERB,O
be,VERB,O
J.Crew,PROPN,U-COM
",",PUNCT,O
which,ADJ,O
",",PUNCT,O
 ,SPACE,O
in,ADP,O
2006,NUM,U-DAT
",",PUNCT,O
purchased,VERB,O
a,DET,O
long,ADJ,O
retired,VERB,O
workwear,NOUN,O
denim,NOUN,O
 ,SPACE,O
brand,NOUN,O
 ,SPACE,O
from,ADP,O
the,DET,O
1930,NUM,O
’s,NOUN,O
called,VERB,O
Madewell,PROPN,U-COM
and,CONJ,O
repurposed,VERB,O
it,PRON,O
to,PART,O
create,VERB,O
a,DET,O
new,ADJ,O
line,NOUN,O
intended,VERB,O
to,PART,O
“,PUNCT,O
reflect,VERB,O
the,DET,O
authenticity,NOUN,O
and,CONJ,O
timelessness,NOUN,O
of,ADP,O
the,DET,O
clothing,NOUN,O
##END,###,O
The,DET,O
great,ADJ,O
-,PUNCT,O
grandson,NOUN,O
of,ADP,O
the,DET,O
original,ADJ,O
Madewell,PROPN,U-COM
founder,NOUN,O
interviewed,VERB,O
J.Crew,PROPN,U-COM
and,CONJ,O
penned,VERB,O
a,DET,O
post,NOUN,O
on,ADP,O
the,DET,O
move,NOUN,O
:,PUNCT,O
“,PUNCT,O
How,ADV,O
many,ADJ,O
corporations,NOUN,O
are,VERB,O
out,ADV,O
there,ADV,O
rifling,VERB,O
through,ADP,O
the,DET,O
defunct,ADJ,O
 ,SPACE,O
brands,NOUN,O
 ,SPACE,O
of,ADP,O
America,PROPN,U-GPE
’s,X,O
past,ADP,O
like,ADP,O
a,DET,O
bin,NOUN,O
of,ADP,O
used,VERB,O
records,NOUN,O
",",PUNCT,O
looking,VERB,O
for,ADP,O
something,NOUN,O
",",PUNCT,O
anything,NOUN,O
",",PUNCT,O
that,ADJ,O
will,VERB,O
give,VERB,O
them,PRON,O
that,DET,O
soft,ADJ,O
Edison,NOUN,U-PPL
-,PUNCT,O
bulb,NOUN,O
glow,NOUN,O
of,ADP,O
authenticity,NOUN,O
?,PUNCT,O
”,PUNCT,O
 ,SPACE,O
##END,###,O
Something,NOUN,O
Borrowed,VERB,O
",",PUNCT,O
Something,NOUN,O
Blue,PROPN,B-PPL
So,PROPN,L-PPL
",",PUNCT,O
it,PRON,O
seems,VERB,O
this,DET,O
is,VERB,O
a,DET,O
familiar,ADJ,O
cycle,NOUN,O
 ,SPACE,O
—,PUNCT,O
  ,SPACE,O
there,ADV,O
are,VERB,O
a,DET,O
good,ADJ,O
few,ADJ,O
 ,SPACE,O
wax,NOUN,O
 ,SPACE,O
practitioners,NOUN,O
out,ADV,O
there,ADV,O
",",PUNCT,O
and,CONJ,O
",",PUNCT,O
as,ADP,O
a,DET,O
result,NOUN,O
",",PUNCT,O
consumers,NOUN,O
are,VERB,O
championing,VERB,O
the,DET,O
truly,ADV,O
sincere,ADJ,O
##END,###,O
In,ADP,O
the,DET,O
modern,ADJ,O
online,ADJ,O
era,NOUN,O
",",PUNCT,O
we,PRON,O
can,VERB,O
make,VERB,O
copies,NOUN,O
of,ADP,O
a,DET,O
digital,ADJ,O
good,NOUN,O
with,ADP,O
little,ADJ,O
to,PART,O
no,DET,O
marginal,ADJ,O
cost,NOUN,O
##END,###,O
So,ADV,O
in,ADP,O
an,DET,O
environment,NOUN,O
where,ADV,O
consumers,NOUN,O
are,VERB,O
surrounded,VERB,O
by,ADP,O
uniformity,NOUN,O
",",PUNCT,O
they,PRON,O
(,PUNCT,O
according,VERB,O
to,ADP,O
scarcity,NOUN,O
value,NOUN,O
theory,NOUN,O
),PUNCT,O
will,VERB,O
necessarily,ADV,O
crave,VERB,O
things,NOUN,O
that,ADJ,O
",",PUNCT,O
maybe,ADV,O
a,DET,O
bit,NOUN,O
rougher,ADJ,O
around,ADP,O
the,DET,O
edges,NOUN,O
",",PUNCT,O
maybe,ADV,O
more,ADJ,O
worn,ADJ,O
",",PUNCT,O
stubbornly,ADV,O
preserve,VERB,O
and,CONJ,O
insist,VERB,O
on,ADP,O
their,ADJ,O
creator,NOUN,O
’s,PUNCT,O
original,ADJ,O
intentions,NOUN,O
##END,###,O
True,ADJ,O
or,CONJ,O
not,ADV,O
",",PUNCT,O
authenticity,NOUN,O
then,ADV,O
is,VERB,O
not,ADV,O
just,ADV,O
serving,VERB,O
as,ADP,O
a,DET,O
proxy,NOUN,O
for,ADP,O
value,NOUN,O
",",PUNCT,O
but,CONJ,O
for,ADP,O
quality,NOUN,O
also,ADV,O
##END,###,O
There,ADV,O
were,VERB,O
",",PUNCT,O
of,ADP,O
course,NOUN,O
",",PUNCT,O
less,ADV,O
dramatic,ADJ,O
ways,NOUN,O
of,ADP,O
finding,VERB,O
music,NOUN,O
##END,###,O
Eavesdropping,NOUN,O
on,ADP,O
conversations,NOUN,O
in,ADP,O
high,ADJ,O
school,NOUN,O
##END,###,O
The,DET,O
iPod,PROPN,U-PDT
happened,VERB,O
##END,###,O
YouTube,PROPN,U-COM
happened,VERB,O
##END,###,O
What,NOUN,O
about,ADP,O
calling,VERB,O
up,PART,O
your,ADJ,O
friend,NOUN,O
",",PUNCT,O
making,VERB,O
him,PRON,O
drive,VERB,O
you,PRON,O
to,ADP,O
the,DET,O
record,NOUN,O
store,NOUN,O
",",PUNCT,O
waiting,VERB,O
patiently,ADV,O
behind,ADP,O
the,DET,O
guy,NOUN,O
who,NOUN,O
wo,VERB,O
n’t,ADV,O
move,VERB,O
away,ADV,O
from,ADP,O
the,DET,O
“,PROPN,B-PDT
B,PROPN,L-PDT
”,PROPN,O
bin,PROPN,O
…,PUNCT,O
All,DET,O
of,ADP,O
that,DET,O
’s,PROPN,O
gone,VERB,O
now,ADV,O
##END,###,O
Questlove,PROPN,U-COM
",",PUNCT,O
The,DET,O
##END,###,O
Sears,NOUN,U-COM
",",PUNCT,O
Macy,PROPN,U-COM
’s,PROPN,O
",",PUNCT,O
Best,PROPN,B-COM
Buy,PROPN,L-COM
and,CONJ,O
on,ADV,O
and,CONJ,O
on,ADP,O
 ,SPACE,O
—,PUNCT,O
 ,SPACE,O
they,PRON,O
wielded,VERB,O
a,DET,O
terrific,ADJ,O
deal,NOUN,O
of,ADP,O
influence,NOUN,O
##END,###,O
Fast,VERB,O
forward,ADV,O
and,CONJ,O
the,DET,O
Internet,NOUN,O
has,VERB,O
 ,SPACE,O
unlocked,VERB,O
the,DET,O
most,ADV,O
democratic,ADJ,O
distribution,NOUN,O
channel,NOUN,O
of,ADP,O
all,DET,O
time,NOUN,O
##END,###,O
If,ADP,O
your,ADJ,O
company,NOUN,O
is,VERB,O
“,PUNCT,O
real,ADJ,O
",",PUNCT,O
”,PUNCT,O
I,PRON,O
can,VERB,O
entrust,VERB,O
my,ADJ,O
purchase,NOUN,O
to,ADP,O
you,PRON,O
in,ADP,O
the,DET,O
hopes,NOUN,O
of,ADP,O
developing,VERB,O
a,DET,O
mutually,ADV,O
valuable,ADJ,O
relationship,NOUN,O
over,ADP,O
a,DET,O
longer,ADJ,O
horizon,NOUN,O
##END,###,O
In,ADP,O
so,ADV,O
doing,VERB,O
",",PUNCT,O
identity,NOUN,O
is,VERB,O
playing,VERB,O
an,DET,O
increasingly,ADV,O
dominant,ADJ,O
role,NOUN,O
in,ADP,O
purchase,NOUN,O
decisions,NOUN,O
##END,###,O
Obvious,ADJ,O
but,CONJ,O
excellent,ADJ,O
case,NOUN,O
studies,NOUN,O
here,ADV,O
are,VERB,O
Airbnb,PROPN,U-COM
and,CONJ,O
Kickstarter,PROPN,U-COM
",",PUNCT,O
which,ADJ,O
celebrate,VERB,O
their,ADJ,O
users,NOUN,O
",",PUNCT,O
not,ADV,O
the,DET,O
company,NOUN,O
itself,PRON,O
or,CONJ,O
even,ADV,O
the,DET,O
employees,NOUN,O
",",PUNCT,O
as,ADP,O
the,DET,O
normative,ADJ,O
brand,NOUN,O
 ,SPACE,O
messaging,NOUN,O
##END,###,O
A,DET,O
new,ADJ,O
generation,NOUN,O
sees,VERB,O
 ,SPACE,O
brands,NOUN,O
 ,SPACE,O
like,ADP,O
Wealthfront,PROPN,U-PDT
or,CONJ,O
Oscar,PROPN,U-PDT
or,CONJ,O
Walker,PROPN,B-COM
&,CONJ,I-COM
Co,PROPN,L-COM
",",PUNCT,O
and,CONJ,O
it,PRON,O
’s,PUNCT,O
immediately,ADV,O
clear,ADJ,O
 ,SPACE,O
:,PUNCT,O
“,PUNCT,O
This,DET,O
is,VERB,O
my,ADJ,O
generation,NOUN,O
’s,X,O
[,PUNCT,O
health/financial,ADJ,O
services/,NOUN,O
_,PUNCT,O
_,PUNCT,O
_,PUNCT,O
_,PUNCT,O
],PUNCT,O
company,NOUN,O
##END,###,O
From,ADP,O
there,ADV,O
",",PUNCT,O
the,DET,O
“,PUNCT,O
sincere,ADJ,O
”,PUNCT,O
test,NOUN,O
is,VERB,O
quite,ADV,O
straightforward,ADJ,O
##END,###,O
The,DET,O
current,ADJ,O
shift,NOUN,O
to,ADP,O
authenticity,NOUN,O
is,VERB,O
also,ADV,O
marked,VERB,O
by,ADP,O
a,DET,O
growing,VERB,O
sense,NOUN,O
of,ADP,O
 ,SPACE,O
brand,NOUN,O
 ,SPACE,O
distrust,NOUN,O
(,PUNCT,O
studies,NOUN,O
by,ADP,O
Pew,PROPN,U-COM
and,CONJ,O
others,NOUN,O
indicate,VERB,O
trust,NOUN,O
in,ADP,O
the,DET,O
US,PROPN,U-GPE
is,VERB,O
at,ADP,O
its,ADJ,O
lowest,ADJ,O
in,ADP,O
decades,NOUN,O
",",PUNCT,O
even,ADV,O
lower,ADJ,O
among,ADP,O
millennials,NOUN,O
),PUNCT,O
.,PUNCT,O
##END,###,O
The,DET,O
mounting,VERB,O
evidence,NOUN,O
of,ADP,O
misuse,NOUN,O
of,ADP,O
personal,ADJ,O
data,NOUN,O
to,ADP,O
the,DET,O
seemingly,ADV,O
countless,ADJ,O
privacy,NOUN,O
breaches,NOUN,O
of,ADP,O
Home,PROPN,B-COM
Depot,PROPN,L-COM
",",PUNCT,O
Target,PROPN,U-COM
",",PUNCT,O
Sony,PROPN,U-COM
and,CONJ,O
on,ADV,O
have,VERB,O
collectively,ADV,O
given,VERB,O
users,NOUN,O
a,DET,O
hesitancy,NOUN,O
that,ADP,O
their,ADJ,O
welfare,NOUN,O
may,VERB,O
rarely,ADV,O
be,VERB,O
placed,VERB,O
ahead,ADV,O
of,ADP,O
corporate,ADJ,O
interest,NOUN,O
##END,###,O
While,ADP,O
these,DET,O
values,NOUN,O
  ,SPACE,O
—,PUNCT,O
 ,SPACE,O
heritage,NOUN,O
",",PUNCT,O
integrity,NOUN,O
",",PUNCT,O
authenticity,NOUN,O
  ,SPACE,O
—,PUNCT,O
 ,SPACE,O
on,ADP,O
the,DET,O
surface,NOUN,O
feel,VERB,O
intuitive,ADJ,O
in,ADP,O
terms,NOUN,O
of,ADP,O
their,ADJ,O
appeal,NOUN,O
",",PUNCT,O
they,PRON,O
point,VERB,O
towards,ADP,O
something,NOUN,O
directionally,ADV,O
different,ADJ,O
for,ADP,O
what,NOUN,O
it,PRON,O
means,VERB,O
today,NOUN,O
to,PART,O
build,VERB,O
a,DET,O
genuine,ADJ,O
 ,SPACE,O
brand,NOUN,O
##END,###,O
If,ADP,O
the,DET,O
sincerity,NOUN,O
filter,NOUN,O
is,VERB,O
now,ADV,O
both,CONJ,O
narrow,ADJ,O
and,CONJ,O
profoundly,ADV,O
discerning,VERB,O
",",PUNCT,O
a,DET,O
company,NOUN,O
would,VERB,O
be,VERB,O
well,ADV,O
served,VERB,O
to,PART,O
digest,VERB,O
a,DET,O
willingness,NOUN,O
to,PART,O
go,VERB,O
unnoticed,ADJ,O
",",PUNCT,O
securing,VERB,O
the,DET,O
favor,NOUN,O
of,ADP,O
the,DET,O
modest,ADJ,O
audience,NOUN,O
for,ADP,O
which,ADJ,O
it,PRON,O
is,VERB,O
truly,ADV,O
designed,VERB,O
##END,###,O
It,PRON,O
’s,VERB,O
my,ADJ,O
sad,ADJ,O
duty,NOUN,O
to,PART,O
inform,VERB,O
you,PRON,O
that,ADP,O
our,ADJ,O
birdy,NOUN,O
in,ADP,O
Duluth,PROPN,O
just,ADV,O
msged,VERB,O
me,PRON,O
to,PART,O
say,VERB,O
that,ADP,O
the,DET,O
verdict,NOUN,O
is,VERB,O
in,ADP,O
on,ADP,O
the,DET,O
RIAA,PROPN,U-GOV
vs.,ADP,O
Jammie,PROPN,B-PPL
Thomas,PROPN,L-PPL
trial,NOUN,O
##END,###,O
The,DET,O
judge,NOUN,O
has,VERB,O
ruled,VERB,O
in,ADP,O
favor,NOUN,O
of,ADP,O
the,DET,O
RIAA,PROPN,U-GOV
",",PUNCT,O
and,CONJ,O
ruled,VERB,O
that,ADP,O
Thomas,PROPN,U-PPL
must,VERB,O
$,SYM,B-MON
"222,000",NUM,L-MON
to,ADP,O
the,DET,O
evil,ADJ,O
empire,NOUN,O
##END,###,O
We,PRON,O
think,VERB,O
its,ADJ,O
strong,ADJ,O
-,PUNCT,O
arm,NOUN,O
",",PUNCT,O
bullying,NOUN,O
tactics,NOUN,O
are,VERB,O
downright,ADV,O
heinous,ADJ,O
##END,###,O
The,DET,O
real,ADV,O
bad,ADJ,O
news,NOUN,O
is,VERB,O
that,ADP,O
now,ADV,O
that,ADP,O
the,DET,O
RIAA,PROPN,U-GOV
has,VERB,O
one,NUM,O
victory,NOUN,O
under,ADP,O
its,ADJ,O
belt,NOUN,O
",",PUNCT,O
it,PRON,O
’s,VERB,O
likely,ADV,O
to,PART,O
look,VERB,O
for,ADP,O
new,ADJ,O
blood,NOUN,O
##END,###,O
In,ADP,O
the,DET,O
meantime,NOUN,O
",",PUNCT,O
keep,VERB,O
an,DET,O
eye,NOUN,O
on,ADP,O
your,ADJ,O
shared,VERB,O
folder,NOUN,O
##END,###,O
So,CONJ,O
if,ADP,O
you,PRON,O
follow,VERB,O
a,DET,O
company,NOUN,O
",",PUNCT,O
or,CONJ,O
recommend,VERB,O
a,DET,O
product,NOUN,O
or,CONJ,O
company,NOUN,O
",",PUNCT,O
LinkedIn,PROPN,U-COM
will,VERB,O
use,VERB,O
this,DET,O
data,NOUN,O
in,ADP,O
display,NOUN,O
ads,NOUN,O
to,PART,O
give,VERB,O
you,PRON,O
a,DET,O
more,ADV,O
targeted,ADJ,O
advertisement,NOUN,O
##END,###,O
For,ADP,O
example,NOUN,O
",",PUNCT,O
LinkedIn,PROPN,U-COM
could,VERB,O
put,VERB,O
up,PART,O
an,DET,O
ad,NOUN,O
for,ADP,O
a,DET,O
Google,PROPN,U-COM
job,NOUN,O
posting,NOUN,O
(,PUNCT,O
sponsored,VERB,O
by,ADP,O
Google,PROPN,U-COM
),PUNCT,O
that,ADJ,O
will,VERB,O
show,VERB,O
people,NOUN,O
in,ADP,O
your,ADJ,O
network,NOUN,O
who,NOUN,O
work,VERB,O
at,ADP,O
Google,PROPN,U-COM
and,CONJ,O
could,VERB,O
refer,VERB,O
you,PRON,O
##END,###,O
LinkedIn,PROPN,U-COM
will,VERB,O
also,ADV,O
track,VERB,O
any,DET,O
information,NOUN,O
and,CONJ,O
actions,NOUN,O
taken,VERB,O
through,ADP,O
its,ADJ,O
plug,NOUN,O
-,PUNCT,O
ins,NOUN,O
as,ADV,O
well,ADV,O
##END,###,O
Starting,VERB,O
in,ADP,O
August,PROPN,U-DAT
",",PUNCT,O
LinkedIn,PROPN,U-COM
says,VERB,O
that,ADP,O
you,PRON,O
can,VERB,O
opt,VERB,O
-,PUNCT,O
out,NOUN,O
of,ADP,O
any,DET,O
information,NOUN,O
(,PUNCT,O
such,ADJ,O
as,ADP,O
impression,NOUN,O
data,NOUN,O
),PUNCT,O
that,ADJ,O
may,VERB,O
be,VERB,O
sent,VERB,O
to,ADP,O
LinkedIn,PROPN,U-COM
via,ADP,O
these,DET,O
plug,NOUN,O
-,PUNCT,O
ins,NOUN,O
##END,###,O
LinkedIn,PROPN,U-COM
says,VERB,O
the,DET,O
personalized,VERB,O
LinkedIn,PROPN,B-PDT
Ads,PROPN,L-PDT
will,VERB,O
start,VERB,O
rolling,VERB,O
out,PART,O
today,NOUN,U-DAT
to,ADP,O
a,DET,O
small,ADJ,O
set,NOUN,O
of,ADP,O
members,NOUN,O
as,ADP,O
part,NOUN,O
of,ADP,O
a,DET,O
limited,ADJ,O
release,NOUN,O
##END,###,O
LinkedIn,NOUN,U-COM
recently,ADV,O
changed,VERB,O
its,ADJ,O
privacy,NOUN,O
settings,NOUN,O
",",PUNCT,O
which,ADJ,O
hinted,VERB,O
that,ADP,O
the,DET,O
company,NOUN,O
could,VERB,O
be,VERB,O
rolling,VERB,O
out,PART,O
more,ADJ,O
Facebook,PROPN,U-COM
-,PUNCT,O
like,ADJ,O
ads,NOUN,O
in,ADP,O
the,DET,O
near,ADJ,O
future,NOUN,O
##END,###,O
It,PRON,O
’s,VERB,O
probably,ADV,O
wise,ADJ,O
for,ADP,O
LinkedIn,PROPN,U-COM
to,PART,O
start,VERB,O
thinking,VERB,O
more,ADV,O
like,ADP,O
Facebook,PROPN,U-COM
in,ADP,O
terms,NOUN,O
of,ADP,O
advertising,NOUN,O
##END,###,O
Although,ADP,O
TechCrunch,PROPN,U-COM
editor,NOUN,O
Michael,PROPN,B-PPL
Arrington,PROPN,L-PPL
recently,ADV,O
posted,VERB,O
an,DET,O
April,PROPN,O
Fool,NOUN,O
’s,DET,O
joke,NOUN,O
about,ADP,O
hiring,VERB,O
a,DET,O
matchmaker,NOUN,O
to,PART,O
find,VERB,O
him,PRON,O
a,DET,O
wife,NOUN,O
",",PUNCT,O
matchmaking,VERB,O
services,NOUN,O
are,VERB,O
becoming,VERB,O
an,DET,O
alternate,ADJ,O
(,PUNCT,O
and,CONJ,O
pricier,ADV,O
),PUNCT,O
way,NOUN,O
to,PART,O
find,VERB,O
a,DET,O
mate,NOUN,O
(,PUNCT,O
think,VERB,O
Millionaire,PROPN,B-PDT
Matchmaker,PROPN,L-PDT
),PUNCT,O
##END,###,O
Trolling,VERB,O
Match.com,PROPN,U-COM
",",PUNCT,O
eHarmony,PROPN,U-COM
and,CONJ,O
other,ADJ,O
dating,VERB,O
sites,NOUN,O
can,VERB,O
be,VERB,O
a,DET,O
time,NOUN,O
-,PUNCT,O
consuming,VERB,O
and,CONJ,O
frustrating,ADJ,O
task,NOUN,O
##END,###,O
At,ADP,O
a,DET,O
price,NOUN,O
of,ADP,O
$,SYM,B-MON
480,NUM,L-MON
per,ADP,O
month,NOUN,O
",",PUNCT,O
the,DET,O
company,NOUN,O
’s,ADV,O
virtual,ADJ,O
dating,VERB,O
assistants,NOUN,O
will,VERB,O
use,VERB,O
##END,###,O
The,DET,O
company,NOUN,O
says,VERB,O
it,PRON,O
will,VERB,O
work,VERB,O
approximately,ADV,O
40,NUM,O
hours,NOUN,O
per,ADP,O
month,NOUN,O
for,ADP,O
each,DET,O
customer,NOUN,O
and,CONJ,O
guarantees,VERB,O
them,PRON,O
a,DET,O
minimum,NOUN,O
of,ADP,O
2,NUM,O
dates,NOUN,O
per,ADP,O
month,NOUN,O
(,PUNCT,O
or,CONJ,O
their,ADJ,O
money,NOUN,O
back,ADV,O
),PUNCT,O
##END,###,O
Co,PROPN,O
-,PUNCT,O
founders,NOUN,O
Mark,PROPN,B-PPL
Anderson,PROPN,L-PPL
and,CONJ,O
Scott,PROPN,B-PPL
Valdez,PROPN,L-PPL
are,VERB,O
overseeing,VERB,O
a,DET,O
cherry,NOUN,O
-,PUNCT,O
picked,VERB,O
team,NOUN,O
of,ADP,O
virtual,ADJ,O
assistants,NOUN,O
that,ADJ,O
are,VERB,O
referred,VERB,O
to,ADP,O
as,ADV,O
“,SYM,B-PDT
007,NUM,L-PDT
”,PUNCT,O
Dating,VERB,O
Assistants,NOUN,O
due,ADP,O
to,ADP,O
the,DET,O
“,PUNCT,O
suave,ADJ,O
and,CONJ,O
sophisticated,ADJ,O
nature,NOUN,O
of,ADP,O
their,ADJ,O
undercover,ADJ,O
interactions,NOUN,O
##END,###,O
As,ADP,O
a,DET,O
pharmaceutical,ADJ,O
sales,NOUN,O
exec,NOUN,O
",",PUNCT,O
Anderson,PROPN,U-COM
had,VERB,O
his,ADJ,O
assistant,NOUN,O
manage,VERB,O
his,ADJ,O
online,NOUN,O
dating,VERB,O
accounts,NOUN,O
and,CONJ,O
schedule,NOUN,O
79,NUM,O
dates,NOUN,O
with,ADP,O
attractive,ADJ,O
women,NOUN,O
within,ADP,O
a,DET,O
period,NOUN,O
of,ADP,O
a,DET,O
year,NOUN,O
##END,###,O
Virtual,ADJ,O
assistants,NOUN,O
will,VERB,O
help,VERB,O
clients,NOUN,O
fill,VERB,O
out,PART,O
their,ADJ,O
profiles,NOUN,O
and,CONJ,O
then,ADV,O
search,VERB,O
dating,VERB,O
sites,NOUN,O
like,ADP,O
Match.com,PROPN,U-COM
and,CONJ,O
eHarmony,PROPN,U-COM
to,PART,O
find,VERB,O
women,NOUN,O
that,ADJ,O
fit,VERB,O
each,DET,O
client,NOUN,O
’s,NUM,O
tastes,NOUN,O
and,CONJ,O
preferences,NOUN,O
##END,###,O
Once,ADV,O
an,DET,O
interesting,ADJ,O
candidate,NOUN,O
is,VERB,O
qualified,ADJ,O
as,ADP,O
a,DET,O
strong,ADJ,O
candidate,NOUN,O
",",PUNCT,O
your,ADJ,O
007,NUM,O
Dating,PROPN,O
Assistant,PROPN,O
works,VERB,O
to,PART,O
stimulate,VERB,O
interest,NOUN,O
",",PUNCT,O
build,VERB,O
comfort,NOUN,O
",",PUNCT,O
and,CONJ,O
flip,VERB,O
her,ADJ,O
attraction,NOUN,O
switches,NOUN,O
##END,###,O
I,PRON,O
get,VERB,O
that,ADP,O
people,NOUN,O
are,VERB,O
busy,ADJ,O
but,CONJ,O
the,DET,O
idea,NOUN,O
that,ADP,O
I,PRON,O
’d,VERB,O
be,VERB,O
trading,VERB,O
emails,NOUN,O
with,ADP,O
a,DET,O
virtual,ADJ,O
assistant,NOUN,O
posing,VERB,O
as,ADP,O
the,DET,O
potential,ADJ,O
date,NOUN,O
seems,VERB,O
disingenuous,ADJ,O
and,CONJ,O
gives,VERB,O
me,PRON,O
the,DET,O
creeps,NOUN,O
##END,###,O
But,CONJ,O
I,PRON,O
think,VERB,O
Virtualdatingassistants.com,PROPN,U-PDT
takes,VERB,O
it,PRON,O
a,DET,O
step,NOUN,O
to,ADP,O
far,ADV,O
.,PUNCT,O
##END,###,O
(,PUNCT,O
Photo,PROPN,O
credit/Flickr/,PROPN,O
Nick,PROPN,B-PPL
Slide,PROPN,L-PPL
##END,###,O
The,DET,O
first,ADJ,O
such,ADJ,O
device,NOUN,O
is,VERB,O
available,ADJ,O
now,ADV,O
for,ADP,O
pre,ADJ,O
-,PUNCT,O
order,NOUN,O
from,ADP,O
Xi3,PROPN,U-PDT
",",PUNCT,O
for,ADP,O
the,DET,O
hefty,ADJ,O
price,NOUN,O
of,ADP,O
$,SYM,B-MON
999.99,NUM,L-MON
(,PUNCT,O
or,CONJ,O
$,SYM,B-MON
899.99,NUM,L-MON
right,ADV,O
now,ADV,O
with,ADP,O
a,DET,O
$,SYM,B-MON
100,NUM,L-MON
pre,NUM,O
-,PUNCT,O
order,NOUN,O
discount,NOUN,O
),PUNCT,O
##END,###,O
At,ADP,O
that,DET,O
price,NOUN,O
",",PUNCT,O
it,PRON,O
’s,PUNCT,O
not,ADV,O
likely,ADJ,O
to,PART,O
sway,VERB,O
anyone,NOUN,O
considering,VERB,O
an,DET,O
Xbox,PROPN,U-PDT
",",PUNCT,O
but,CONJ,O
it,PRON,O
shows,VERB,O
that,ADP,O
Valve,PROPN,U-COM
and,CONJ,O
its,ADJ,O
partners,NOUN,O
might,VERB,O
be,VERB,O
pulling,VERB,O
a,DET,O
Google,PROPN,U-COM
by,ADP,O
showing,VERB,O
the,DET,O
world,NOUN,O
the,DET,O
top,ADJ,O
end,NOUN,O
of,ADP,O
the,DET,O
market,NOUN,O
before,ADP,O
they,PRON,O
launch,VERB,O
more,ADV,O
practically,ADV,O
priced,VERB,O
gadgets,NOUN,O
##END,###,O
The,DET,B-PDT
Xi3,ADJ,I-PDT
Piston,PROPN,L-PDT
is,VERB,O
a,DET,O
gaming,NOUN,O
-,PUNCT,O
optimized,VERB,O
personal,ADJ,O
computer,NOUN,O
",",PUNCT,O
with,ADP,O
a,DET,O
small,ADJ,O
",",PUNCT,O
portable,ADJ,O
enclosure,NOUN,O
that,ADJ,O
contains,VERB,O
a,DET,O
128,NUM,O
GB,PROPN,O
SSD,PROPN,O
and,CONJ,O
8,NUM,O
GB,NOUN,O
of,ADP,O
RAM,NOUN,O
within,ADP,O
",",PUNCT,O
with,ADP,O
upgrade,VERB,O
 ,SPACE,O
options,NOUN,O
 ,SPACE,O
to,ADP,O
either,CONJ,O
256,NUM,O
or,CONJ,O
512,NUM,O
GB,NOUN,O
of,ADP,O
flash,NOUN,O
storage,NOUN,O
(,PUNCT,O
for,ADP,O
a,DET,O
price,NOUN,O
),PUNCT,O
##END,###,O
The,DET,O
Piston,PROPN,U-PDT
is,VERB,O
set,VERB,O
for,ADP,O
a,DET,O
late,ADJ,O
2013,NUM,U-DAT
delivery,NOUN,O
date,NOUN,O
",",PUNCT,O
and,CONJ,O
boasts,VERB,O
a,DET,O
3.2GHz,NUM,O
quad,ADJ,O
core,NOUN,O
processor,NOUN,O
##END,###,O
Little,ADJ,O
else,ADV,O
is,VERB,O
know,VERB,O
about,ADP,O
the,DET,O
gadget,NOUN,O
",",PUNCT,O
but,CONJ,O
it,PRON,O
will,VERB,O
be,VERB,O
designed,VERB,O
specifically,ADV,O
to,PART,O
play,VERB,O
nice,ADJ,O
with,ADP,O
Steam,PROPN,U-PPL
and,CONJ,O
that,ADP,O
software,NOUN,O
’s,PROPN,O
Big,ADJ,O
Picture,NOUN,O
mode,NOUN,O
",",PUNCT,O
thanks,NOUN,O
in,ADP,O
part,NOUN,O
to,ADP,O
an,DET,O
investment,NOUN,O
from,ADP,O
Newell,PROPN,U-COM
’s,PROPN,O
company,NOUN,O
##END,###,O
The,DET,O
Piston,PROPN,U-PDT
will,VERB,O
most,ADV,O
likely,ADV,O
be,VERB,O
among,ADP,O
the,DET,O
top,ADJ,O
-,PUNCT,O
tier,NOUN,O
of,ADP,O
upcoming,ADJ,O
devices,NOUN,O
that,ADJ,O
can,VERB,O
wear,VERB,O
the,DET,O
“,PROPN,B-PDT
Steam,PROPN,I-PDT
Box,PROPN,L-PDT
”,PUNCT,O
moniker,NOUN,O
according,VERB,O
to,ADP,O
the,DET,O
Verge,PROPN,U-COM
",",PUNCT,O
so,ADV,O
do,VERB,O
n’t,ADV,O
get,VERB,O
too,ADV,O
freaked,VERB,O
out,PART,O
if,ADP,O
you,PRON,O
do,VERB,O
n’t,ADV,O
have,VERB,O
$,SYM,B-MON
"1,000",NUM,L-MON
to,PART,O
spend,VERB,O
on,ADP,O
a,DET,O
gaming,NOUN,O
rig,NOUN,O
##END,###,O
Newell,PROPN,U-COM
’s,VERB,O
approach,NOUN,O
to,ADP,O
the,DET,O
Steam,PROPN,B-PDT
Box,PROPN,L-PDT
seems,VERB,O
to,PART,O
involve,VERB,O
creating,VERB,O
a,DET,O
platform,NOUN,O
that,ADJ,O
’s,VERB,O
all,DET,O
about,ADP,O
extending,VERB,O
the,DET,O
reach,NOUN,O
of,ADP,O
Steam,PROPN,U-COM
to,ADP,O
as,ADV,O
many,ADJ,O
as,ADP,O
possible,ADJ,O
",",PUNCT,O
not,ADV,O
shutting,VERB,O
it,PRON,O
down,PART,O
behind,ADP,O
a,DET,O
high,ADJ,O
cost,NOUN,O
of,ADP,O
entry,NOUN,O
##END,###,O
Just,ADV,O
last,ADJ,B-DAT
week,NOUN,L-DAT
",",PUNCT,O
Newell,PROPN,U-COM
told,VERB,O
the,DET,O
BBC,PROPN,U-COM
that,ADJ,O
Valve,PROPN,U-COM
is,VERB,O
currently,ADV,O
working,VERB,O
on,ADP,O
Steam,PROPN,B-PDT
Box,PROPN,L-PDT
prototypes,NOUN,O
to,PART,O
release,VERB,O
to,ADP,O
testers,NOUN,O
in,ADP,O
the,DET,O
next,ADJ,O
three,NUM,O
or,CONJ,O
four,NUM,O
months,NOUN,O
",",PUNCT,O
and,CONJ,O
this,DET,O
could,VERB,O
be,VERB,O
part,NOUN,O
of,ADP,O
that,DET,O
project,NOUN,O
",",PUNCT,O
though,ADP,O
it,PRON,O
’s,PROPN,O
also,ADV,O
possible,ADJ,O
that,ADP,O
Steam,PROPN,U-COM
will,VERB,O
contribute,VERB,O
own,ADJ,O
-,PUNCT,O
branded,VERB,O
hardware,NOUN,O
to,ADP,O
the,DET,O
ecosystem,NOUN,O
as,ADV,O
well,ADV,O
##END,###,O
According,VERB,O
to,ADP,O
our,ADJ,O
sources,NOUN,O
",",PUNCT,O
Facebook,PROPN,U-COM
distributed,VERB,O
a,DET,O
request,NOUN,O
-,PUNCT,O
for,ADP,O
-,PUNCT,O
proposal,NOUN,O
to,ADP,O
a,DET,O
number,NOUN,O
of,ADP,O
classified,ADJ,O
sites,NOUN,O
earlier,ADV,O
this,DET,B-DAT
year,NOUN,L-DAT
(,PUNCT,O
the,DET,O
same,ADJ,O
model,NOUN,O
they,PRON,O
are,VERB,O
using,VERB,O
for,ADP,O
Facebook,PROPN,B-COM
Music,PROPN,L-COM
),PUNCT,O
##END,###,O
The,DET,O
obvious,ADJ,O
partner,NOUN,O
is,VERB,O
Oodle,PROPN,U-PDT
",",PUNCT,O
which,ADJ,O
began,VERB,O
powering,VERB,O
Walmart,PROPN,B-PDT
Classifieds,PROPN,L-PDT
earlier,ADV,O
this,DET,B-DAT
year,NOUN,L-DAT
##END,###,O
Whoever,NOUN,O
powers,NOUN,O
Facebook,PROPN,B-PPL
Classifieds,PROPN,L-PPL
(,PUNCT,O
or,CONJ,O
Facebook,PROPN,B-PDT
Marketplace,PROPN,L-PDT
",",PUNCT,O
as,ADP,O
they,PRON,O
call,VERB,O
it,PRON,O
),PUNCT,O
has,VERB,O
a,DET,O
big,ADJ,O
hill,NOUN,O
to,PART,O
climb,VERB,O
##END,###,O
Competing,VERB,O
with,ADP,O
Ebay,PROPN,U-COM
(,PUNCT,O
and,CONJ,O
their,ADJ,O
Kijiji,PROPN,O
),PUNCT,O
and,CONJ,O
Craigslist,PROPN,U-COM
is,VERB,O
n’t,ADV,O
trivial,ADJ,O
##END,###,O
The,DET,O
Silicon,PROPN,B-GPE
Valley,PROPN,L-GPE
network,NOUN,O
",",PUNCT,O
for,ADP,O
example,NOUN,O
",",PUNCT,O
had,VERB,O
a,DET,O
total,NOUN,O
of,ADP,O
ten,NUM,O
new,ADJ,O
listings,NOUN,O
added,VERB,O
yesterday,NOUN,U-DAT
##END,###,O
New,PROPN,B-COM
York,PROPN,I-COM
City,PROPN,L-COM
–,PUNCT,O
zero,NUM,O
##END,###,O
And,CONJ,O
for,ADP,O
those,DET,O
who,NOUN,O
’ve,VERB,O
forgotten,VERB,O
",",PUNCT,O
Microsoft,PROPN,U-COM
launched,VERB,O
their,ADJ,O
own,ADJ,O
classifieds,NOUN,O
site,NOUN,O
based,VERB,O
on,ADP,O
MSN,PROPN,U-PDT
friends,NOUN,O
and,CONJ,O
private,ADJ,O
networks,NOUN,O
(,PUNCT,O
like,ADP,O
businesses,NOUN,O
),PUNCT,O
",",PUNCT,O
and,CONJ,O
it,PRON,O
went,VERB,O
nowhere,ADV,O
##END,###,O
Better,ADV,O
software,NOUN,O
may,VERB,O
mean,VERB,O
more,ADJ,O
listings,NOUN,O
(,PUNCT,O
although,ADP,O
the,DET,O
bare,ADJ,O
-,PUNCT,O
bones,NOUN,O
and,CONJ,O
massive,ADJ,O
Craigslist,NOUN,U-COM
is,VERB,O
a,DET,O
clear,ADJ,O
exception,NOUN,O
to,ADP,O
that,DET,O
rule,NOUN,O
),PUNCT,O
##END,###,O
Today,NOUN,O
marks,NOUN,O
DreamIt,PROPN,B-COM
Ventures’,PROPN,L-COM
first,ADV,O
Funding,PROPN,B-EVT
Day,PROPN,L-EVT
",",PUNCT,O
during,ADP,O
which,ADJ,O
the,DET,O
new,ADJ,O
startup,NOUN,O
incubator,NOUN,O
will,VERB,O
introduce,VERB,O
a,DET,O
dozen,NOUN,O
new,ADJ,O
companies,NOUN,O
to,ADP,O
a,DET,O
collection,NOUN,O
of,ADP,O
founders,NOUN,O
and,CONJ,O
venture,NOUN,O
capitalists,NOUN,O
.,PUNCT,O
##END,###,O
DreamIt,PROPN,U-PDT
is,VERB,O
a,DET,O
program,NOUN,O
in,ADP,O
the,DET,O
same,ADJ,O
vein,NOUN,O
as,ADP,O
Y,NOUN,B-COM
Combinator,PROPN,L-COM
and,CONJ,O
TechStars,PROPN,U-COM
",",PUNCT,O
offering,VERB,O
startups,NOUN,O
seed,NOUN,O
funding,NOUN,O
",",PUNCT,O
guidance,NOUN,O
",",PUNCT,O
and,CONJ,O
connections,NOUN,O
in,ADP,O
exchange,NOUN,O
for,ADP,O
equity,NOUN,O
.,PUNCT,O
##END,###,O
The,DET,O
games,NOUN,O
are,VERB,O
free,ADJ,O
to,PART,O
play,VERB,O
from,ADP,O
any,DET,O
cell,NOUN,O
phone,NOUN,O
",",PUNCT,O
and,CONJ,O
do,VERB,O
n’t,ADV,O
require,VERB,O
a,DET,O
download,NOUN,O
.,PUNCT,O
##END,###,O
Vuzit,NOUN,U-COM
:,PUNCT,O
  ,SPACE,O
Vuzit,PROPN,U-COM
offers,VERB,O
an,DET,O
embeddable,ADJ,O
document,NOUN,O
viewer,NOUN,O
",",PUNCT,O
allowing,VERB,O
users,NOUN,O
to,PART,O
include,VERB,O
documents,NOUN,O
in,ADP,O
their,ADJ,O
web,NOUN,O
pages,NOUN,O
and,CONJ,O
blogposts,NOUN,O
.,PUNCT,O
##END,###,O
Very,ADV,O
similar,ADJ,O
functionality,NOUN,O
by,ADP,O
Scribd,PROPN,U-COM
and,CONJ,O
Docstoc,PROPN,U-COM
",",PUNCT,O
but,CONJ,O
Vuzit,PROPN,U-COM
is,VERB,O
aiming,VERB,O
to,PART,O
become,VERB,O
a,DET,O
tool,NOUN,O
for,ADP,O
individuals,NOUN,O
and,CONJ,O
companies,NOUN,O
who,NOUN,O
are,VERB,O
interested,ADJ,O
in,ADP,O
managing,VERB,O
access,NOUN,O
to,ADP,O
their,ADJ,O
content,NOUN,O
instead,ADV,O
of,ADP,O
a,DET,O
destination,NOUN,O
portal,ADJ,O
##END,###,O
Phrazit,PROPN,U-COM
condenses,VERB,O
reviews,NOUN,O
down,ADV,O
to,ADP,O
30,NUM,O
characters,NOUN,O
or,CONJ,O
less,ADJ,O
by,ADP,O
allowing,VERB,O
users,NOUN,O
to,PART,O
create,VERB,O
tag,NOUN,O
clouds,NOUN,O
for,ADP,O
just,ADV,O
about,ADP,O
anything,NOUN,O
.,PUNCT,O
##END,###,O
For,ADP,O
example,NOUN,O
",",PUNCT,O
the,DET,O
Phrazit,PROPN,U-PDT
for,ADP,O
Harry,PROPN,B-PPL
Potter,PROPN,L-PPL
describes,VERB,O
the,DET,O
series,NOUN,O
as,ADP,O
“,PUNCT,O
Bloody,PROPN,B-PDT
Awesome,PROPN,L-PDT
”,PUNCT,O
.,PUNCT,O
##END,###,O
DropCard,NOUN,U-COM
:,PUNCT,O
DropCard,PROPN,U-COM
hopes,VERB,O
to,PART,O
be,VERB,O
a,DET,O
solution,NOUN,O
to,ADP,O
the,DET,O
problems,NOUN,O
that,ADJ,O
plague,VERB,O
business,NOUN,O
cards,NOUN,O
(,PUNCT,O
namely,ADV,O
",",PUNCT,O
you,PRON,O
do,VERB,O
n’t,ADV,O
always,ADV,O
have,VERB,O
them,PRON,O
with,ADP,O
you,PRON,O
",",PUNCT,O
and,CONJ,O
they,PRON,O
’re,VERB,O
practically,ADV,O
useless,ADJ,O
if,ADP,O
you,PRON,O
have,VERB,O
too,ADV,O
many,ADJ,O
of,ADP,O
them,PRON,O
),PUNCT,O
.,PUNCT,O
##END,###,O
For,ADP,O
a,DET,O
similar,ADJ,O
service,NOUN,O
",",PUNCT,O
see,VERB,O
Rmbrme,PROPN,U-COM
##END,###,O
The,DET,O
site,NOUN,O
currently,ADV,O
features,VERB,O
a,DET,O
blog,NOUN,O
",",PUNCT,O
and,CONJ,O
also,ADV,O
plans,VERB,O
to,PART,O
release,VERB,O
a,DET,O
web,NOUN,O
-,PUNCT,O
based,VERB,O
game,NOUN,O
",",PUNCT,O
which,ADJ,O
users,NOUN,O
can,VERB,O
advance,VERB,O
on,ADP,O
by,ADP,O
participating,VERB,O
in,ADP,O
real,ADJ,O
-,PUNCT,O
world,NOUN,O
green,ADJ,O
activities,NOUN,O
##END,###,O
The,DET,O
site,NOUN,O
also,ADV,O
helps,VERB,O
users,NOUN,O
write,VERB,O
their,ADJ,O
post,NOUN,O
-,PUNCT,O
interview,NOUN,O
follow,NOUN,O
-,PUNCT,O
up,NOUN,O
letters,NOUN,O
.,PUNCT,O
##END,###,O
Anthillz,PROPN,U-COM
asks,VERB,O
professionals,NOUN,O
to,PART,O
review,VERB,O
their,ADJ,O
colleagues,NOUN,O
",",PUNCT,O
which,ADJ,O
can,VERB,O
be,VERB,O
used,VERB,O
as,ADP,O
a,DET,O
“,PUNCT,O
social,ADJ,O
pitch,NOUN,O
”,PUNCT,O
for,ADP,O
future,ADJ,O
job,NOUN,O
applications,NOUN,O
.,PUNCT,O
##END,###,O
FM,NOUN,U-PDT
allows,VERB,O
users,NOUN,O
to,PART,O
set,VERB,O
their,ADJ,O
alarm,NOUN,O
and,CONJ,O
have,VERB,O
their,ADJ,O
friends,NOUN,O
leave,VERB,O
messages,NOUN,O
which,ADJ,O
will,VERB,O
wake,VERB,O
them,PRON,O
up,PART,O
in,ADP,O
lieu,NOUN,O
of,ADP,O
a,DET,O
standard,ADJ,O
buzzer,NOUN,O
.,PUNCT,O
##END,###,O
SnackFeed,PROPN,U-PDT
indexes,NOUN,O
premium,ADJ,O
video,NOUN,O
content,NOUN,O
on,ADP,O
the,DET,O
web,NOUN,O
and,CONJ,O
tries,VERB,O
to,PART,O
ascertain,VERB,O
which,ADJ,O
shows,VERB,O
will,VERB,O
interest,VERB,O
you,PRON,O
the,DET,O
most,ADV,O
.,PUNCT,O
##END,###,O
TapInko,NOUN,U-PDT
:,PUNCT,O
 ,SPACE,O
TapInko,PROPN,U-COM
looks,VERB,O
to,PART,O
simply,ADV,O
the,DET,O
often,ADV,O
time,NOUN,O
consuming,VERB,O
process,NOUN,O
of,ADP,O
purchasing,VERB,O
ad,NOUN,O
space,NOUN,O
in,ADP,O
the,DET,O
real,ADJ,O
world,NOUN,O
.,PUNCT,O
##END,###,O
Trendient,NOUN,U-PDT
is,VERB,O
positioning,VERB,O
itself,PRON,O
as,ADP,O
a,DET,O
promotions,NOUN,O
and,CONJ,O
sales,NOUN,O
intelligence,NOUN,O
solution,NOUN,O
for,ADP,O
the,DET,O
long,ADJ,O
tail,NOUN,O
of,ADP,O
e,PROPN,O
-,PUNCT,O
tailers,NOUN,O
",",PUNCT,O
who,NOUN,O
may,VERB,O
not,ADV,O
have,VERB,O
the,DET,O
time,NOUN,O
or,CONJ,O
resources,NOUN,O
to,PART,O
track,VERB,O
such,ADJ,O
data,NOUN,O
themselves,PRON,O
.,PUNCT,O
##END,###,O
I,PRON,O
shoot,VERB,O
with,ADP,O
a,DET,O
Rebel,ADJ,B-PDT
XSi,NOUN,L-PDT
so,ADP,O
I,PRON,O
do,VERB,O
n’t,ADV,O
have,VERB,O
to,PART,O
deal,VERB,O
with,ADP,O
this,DET,O
stuff,NOUN,O
on,ADP,O
a,DET,O
regular,ADJ,O
basis,NOUN,O
",",PUNCT,O
but,CONJ,O
point,NOUN,O
and,CONJ,O
shoots,NOUN,O
are,VERB,O
full,ADJ,O
of,ADP,O
useless,ADJ,O
and/or,CONJ,O
legacy,NOUN,O
features,VERB,O
that,DET,O
really,ADV,O
ought,VERB,O
to,PART,O
go,VERB,O
##END,###,O
This,DET,O
list,NOUN,O
over,ADP,O
at,ADP,O
Photography,PROPN,B-COM
Bay,PROPN,L-COM
gets,VERB,O
it,PRON,O
right,ADJ,O
",",PUNCT,O
and,CONJ,O
I,PRON,O
’ve,VERB,O
got,VERB,O
a,DET,O
couple,NOUN,O
of,ADP,O
my,ADJ,O
own,ADJ,O
##END,###,O
This,DET,O
goes,VERB,O
for,ADP,O
DSLRs,NOUN,O
too,ADV,O
##END,###,O
Work,NOUN,O
on,ADP,O
effective,ADJ,O
noise,NOUN,O
reduction,NOUN,O
or,CONJ,O
dynamic,ADJ,O
pixel,NOUN,O
binning,NOUN,O
",",PUNCT,O
do,VERB,O
n’t,ADV,O
just,ADV,O
push,VERB,O
the,DET,O
gain,NOUN,O
##END,###,O
The,DET,O
tech,NOUN,O
is,VERB,O
cool,ADJ,O
",",PUNCT,O
but,CONJ,O
meh,NOUN,O
##END,###,O
Unfortunately,ADV,O
",",PUNCT,O
I,PRON,O
hear,VERB,O
shutter,NOUN,O
noises,NOUN,O
that,ADJ,O
are,VERB,O
maybe,ADV,O
a,DET,O
second,ADJ,O
long,ADV,O
##END,###,O
And,CONJ,O
can,VERB,O
we,PRON,O
add,VERB,O
:,PUNCT,O
White,PROPN,O
balance,NOUN,O
and,CONJ,O
color,NOUN,O
space,NOUN,O
are,VERB,O
one,NUM,O
thing,NOUN,O
",",PUNCT,O
but,CONJ,O
sepiatone,NOUN,O
",",PUNCT,O
brush,NOUN,O
stroke,NOUN,O
",",PUNCT,O
etc,X,O
are,VERB,O
completely,ADV,O
ridiculous,ADJ,O
and,CONJ,O
look,VERB,O
terrible,ADJ,O
##END,###,O
Unless,ADP,O
it,PRON,O
’s,VERB,O
on,ADP,O
manual,NOUN,O
",",PUNCT,O
the,DET,O
thing,NOUN,O
is,VERB,O
on,ADP,O
full,ADJ,O
auto,NOUN,O
all,ADJ,O
the,DET,O
time,NOUN,O
##END,###,O
Anyone,NOUN,O
else,ADV,O
have,VERB,O
some,DET,O
pet,ADJ,O
peeves,NOUN,O
they,PRON,O
’d,VERB,O
like,VERB,O
excised,VERB,O
from,ADP,O
your,ADJ,O
otherwise,ADV,O
-,PUNCT,O
great,ADJ,O
point,NOUN,O
and,CONJ,O
shoots,NOUN,O
##END,###,O
The,DET,O
deadline,NOUN,O
to,PART,O
apply,VERB,O
for,ADP,O
the,DET,O
Startup,PROPN,B-EVT
Battlefield,PROPN,L-EVT
at,ADV,O
Disrupt,PROPN,B-EVT
London,PROPN,L-EVT
has,VERB,O
been,VERB,O
extended,VERB,O
##END,###,O
Apply,VERB,O
now,ADV,O
##END,###,O
For,ADP,O
starters,NOUN,O
",",PUNCT,O
you,PRON,O
’ll,VERB,O
get,VERB,O
to,PART,O
present,VERB,O
your,ADJ,O
company,NOUN,O
to,ADP,O
the,DET,O
best,ADJ,O
and,CONJ,O
brightest,ADJ,O
entrepreneurs,NOUN,O
and,CONJ,O
investors,NOUN,O
in,ADP,O
the,DET,O
world,NOUN,O
who,NOUN,O
will,VERB,O
give,VERB,O
you,PRON,O
incredible,ADJ,O
feedback,NOUN,O
on,ADP,O
how,ADV,O
to,PART,O
make,VERB,O
your,ADJ,O
product,NOUN,O
or,CONJ,O
service,NOUN,O
even,ADV,O
better,ADV,O
##END,###,O
There,ADV,O
are,VERB,O
absolutely,ADV,O
no,DET,O
fees,NOUN,O
",",PUNCT,O
equity,NOUN,O
or,CONJ,O
otherwise,ADV,O
",",PUNCT,O
to,PART,O
participate,VERB,O
in,ADP,O
the,DET,O
Startup,PROPN,B-EVT
Battlefield,PROPN,L-EVT
##END,###,O
TechCrunch,PROPN,U-COM
recently,ADV,O
launched,VERB,O
the,DET,O
Startup,PROPN,O
Battlefield,PROPN,O
Scholarship,PROPN,O
Fund,PROPN,O
",",PUNCT,O
 ,SPACE,O
so,ADV,O
there,ADV,O
are,VERB,O
really,ADV,O
no,DET,O
excuses,NOUN,O
##END,###,O
Our,ADJ,O
live,ADJ,O
video,NOUN,O
stream,NOUN,O
attracts,VERB,O
around,ADP,O
1,PROPN,O
M,PROPN,O
views,NOUN,O
live,VERB,O
",",PUNCT,O
and,CONJ,O
over,ADV,O
-,PUNCT,O
all,DET,O
we,PRON,O
get,VERB,O
around,ADP,O
10,NUM,O
M,NOUN,O
on,ADP,O
all,ADJ,O
the,DET,O
video,NOUN,O
when,ADV,O
all,DET,O
is,VERB,O
said,VERB,O
and,CONJ,O
done,VERB,O
##END,###,O
Our,ADJ,O
European,PROPN,O
Battlefield,PROPN,O
Alumni,PROPN,O
are,VERB,O
a,DET,O
very,ADV,O
 ,SPACE,O
strong,ADJ,O
group,NOUN,O
##END,###,O
Aircall,PROPN,U-COM
raised,VERB,O
$,SYM,B-MON
8,NUM,I-MON
million,NUM,L-MON
for,ADP,O
its,ADJ,O
call,NOUN,O
center,NOUN,O
software,NOUN,O
-,PUNCT,O
as,ADP,O
-,PUNCT,O
a,DET,O
-,PUNCT,O
service,NOUN,O
##END,###,O
Lystable,PROPN,U-COM
continues,VERB,O
to,PART,O
bring,VERB,O
on,PART,O
clients,NOUN,O
at,ADP,O
an,DET,O
alarming,ADJ,O
rate,NOUN,O
",",PUNCT,O
as,ADV,O
well,ADV,O
as,ADP,O
notable,ADJ,O
investors,NOUN,O
",",PUNCT,O
including,VERB,O
Max,PROPN,B-PPL
Levchin,PROPN,L-PPL
##END,###,O
Crate.io,NOUN,U-COM
",",PUNCT,O
the,DET,O
winner,NOUN,O
of,ADP,O
the,DET,O
Battlefield,PROPN,U-EVT
from,ADP,O
Disrupt,PROPN,B-EVT
London,PROPN,I-EVT
2014,NUM,L-EVT
",",PUNCT,O
raised,VERB,O
$,SYM,B-MON
4,NUM,I-MON
million,NUM,L-MON
for,ADP,O
their,ADJ,O
next,ADJ,O
-,PUNCT,O
gen,NOUN,O
SQL,PROPN,O
database,NOUN,O
##END,###,O
Since,ADP,O
2007,NUM,U-DAT
",",PUNCT,O
the,DET,O
610,NUM,O
Battlefield,NOUN,U-EVT
companies,NOUN,O
have,VERB,O
raised,VERB,O
more,ADJ,O
than,ADP,O
$,SYM,B-MON
6.1,NUM,I-MON
billion,NUM,L-MON
after,ADP,O
appearing,VERB,O
on,ADP,O
the,DET,O
TechCrunch,PROPN,U-COM
stage,NOUN,O
",",PUNCT,O
and,CONJ,O
78,NUM,O
have,VERB,O
exited,VERB,O
##END,###,O
Startup,PROPN,B-EVT
Battlefield,PROPN,L-EVT
participants,NOUN,O
also,ADV,O
receive,VERB,O
free,ADJ,O
demo,NOUN,O
space,NOUN,O
in,ADP,O
Startup,PROPN,B-EVT
Alley,PROPN,L-EVT
",",PUNCT,O
tickets,NOUN,O
to,ADP,O
VIP,NOUN,O
events,NOUN,O
",",PUNCT,O
a,DET,O
Battlefield,PROPN,U-EVT
-,PUNCT,O
only,ADJ,O
reception,NOUN,O
and,CONJ,O
",",PUNCT,O
of,ADP,O
course,NOUN,O
",",PUNCT,O
TechCrunch,PROPN,U-COM
swag,NOUN,O
##END,###,O
All,DET,O
verticals,NOUN,O
are,VERB,O
welcome,ADJ,O
",",PUNCT,O
including,VERB,O
(,PUNCT,O
but,CONJ,O
not,ADV,O
limited,VERB,O
to,ADP,O
),PUNCT,O
biotech,NOUN,O
",",PUNCT,O
security,NOUN,O
",",PUNCT,O
drones,NOUN,O
",",PUNCT,O
supercomputing,NOUN,O
",",PUNCT,O
e,PUNCT,O
-,PUNCT,O
commerce,NOUN,O
",",PUNCT,O
on,ADP,O
-,PUNCT,O
demand,NOUN,O
services,NOUN,O
",",PUNCT,O
greentech,NOUN,O
",",PUNCT,O
edtech,NOUN,O
",",PUNCT,O
mobile,ADJ,O
consumer,NOUN,O
",",PUNCT,O
healthcare,NOUN,O
",",PUNCT,O
enterprise,NOUN,O
software,NOUN,O
",",PUNCT,O
bitcoin,NOUN,O
",",PUNCT,O
hardware,NOUN,O
",",PUNCT,O
AI,PROPN,U-PDT
",",PUNCT,O
dev,NOUN,O
tools,NOUN,O
and,CONJ,O
VR,PROPN,U-COM
##END,###,O
Disrupt,ADJ,B-EVT
London,PROPN,L-EVT
will,VERB,O
take,VERB,O
place,NOUN,O
December,PROPN,B-DAT
5,NUM,L-DAT
-,SYM,O
6th,NOUN,O
at,ADP,O
the,DET,O
CopperBox,PROPN,B-GPE
Arena,PROPN,L-GPE
.,PUNCT,O
##END,###,O
Applications,NOUN,O
are,VERB,O
now,ADV,O
open,ADJ,O
through,ADP,O
October,PROPN,B-DAT
13th,NOUN,L-DAT
at,ADP,O
12,NUM,O
pm,NOUN,O
 ,SPACE,O
PT,PROPN,O
##END,###,O
To,PART,O
apply,VERB,O
",",PUNCT,O
head,NOUN,O
on,ADP,O
over,ADP,O
to,ADP,O
our,ADJ,O
Startup,PROPN,B-EVT
Battlefield,PROPN,L-EVT
page,NOUN,O
##END,###,O
Yesterday,NOUN,U-DAT
",",PUNCT,O
President,PROPN,O
Barack,PROPN,B-PPL
Obama,PROPN,L-PPL
invited,VERB,O
30,NUM,O
companies,NOUN,O
to,ADP,O
the,DET,O
White,PROPN,B-GOV
House,PROPN,L-GOV
(,PUNCT,O
on,ADP,O
his,ADJ,O
birthday,NOUN,O
",",PUNCT,O
no,ADV,O
less,ADV,O
),PUNCT,O
to,PART,O
participate,VERB,O
in,ADP,O
the,DET,O
first,ADJ,O
-,PUNCT,O
ever,ADV,O
White,PROPN,B-EVT
House,PROPN,I-EVT
Demo,PROPN,I-EVT
Day,PROPN,L-EVT
##END,###,O
If,ADP,O
you,PRON,O
want,VERB,O
to,PART,O
read,VERB,O
our,ADJ,O
full,ADJ,O
coverage,NOUN,O
of,ADP,O
the,DET,O
event,NOUN,O
",",PUNCT,O
check,VERB,O
out,PART,O
this,DET,O
post,NOUN,O
##END,###,O
